[
  {
    "id": "ad1",
    "title": "Best Coding School in Lagos",
    "description": "Learn software engineering. Register today.",
    "url": "https://example.com",
    "keywords": ["coding", "software engineering", "programming"],
    "bid": 120,
    "geo": "lagos"
  },
  {
    "id": "ad2",
    "title": "Buy Laptops in Ilorin",
    "description": "Affordable laptops with warranty.",
    "url": "https://example2.com",
    "keywords": ["laptop", "computer", "buy laptop"],
    "bid": 80,
    "geo": "kwara"
  }
]
