{
  "settings": {
    "analysis": {
      "analyzer": {
        "english_analyzer": {
          "type": "standard",
          "stopwords": "_english_"
        }
      }
    }
  },
  "mappings": {
    "properties": {
      "id": {
        "type": "keyword"
      },
      "state": {
        "type": "text",
        "analyzer": "english_analyzer",
        "fields": {
          "keyword": { "type": "keyword" }
        }
      },
      "lga": {
        "type": "text",
        "analyzer": "english_analyzer",
        "fields": {
          "keyword": { "type": "keyword" }
        }
      },
      "city": {
        "type": "text",
        "analyzer": "english_analyzer"
      },
      "region": {
        "type": "keyword"
      },
      "population": {
        "type": "integer"
      },
      "coordinates": {
        "type": "geo_point"
      },
      "source_url": {
        "type": "keyword"
      },
      "indexed_at": {
        "type": "date"
      }
    }
  }
}
